nfk,dcg
nfk,vcb
nfk,pct
nfk,tiq
cai,qdg
cai,gft
tnn,bqh
tnn,dwa
tnn,bbe
dii,fzm
dbj,fqs
dbj,snm
dbj,dkc
onz,xna
onz,jba
onz,lit
iso,tpg
iso,hie
qbp,saf
qbp,vix
exr,mtf
exr,pmk
oko,vxk
oko,ioq
oko,jbe
oko,ary
scx,khi
scx,gvl
mrd,ifh
mrd,ynh
mrd,cos
mrd,isc
mrd,wcg
tgl,goz
tgl,mvt
tgl,gyo
tio,ooj
tio,pac
ege,odm
yvx,wrm
lqy,anv
lqy,axu
qy,xwz
lpl,tlx
lpl,ppk
lpl,lnn
qhv,ynr
ztf,lbs
nxt,ryx
nxt,khi
urb,lno
urb,tru
tpq,vrd
tpq,bqn
mfa,xpd
mfa,mmp
mfa,bwn
rsn,feu
rsn,tzd
lmh,iby
lmh,dxx
lmh,eoc
gjx,kqg
sar,hwm
sar,mja
sar,tbg
sar,xmn
glr,mfa
rhg,aip
rhg,kdz
jap,btg
jap,jbe
jap,vxk
jap,ary
dxx,kpj
dxx,nzn
dxx,iep
anv,tiq
anv,pct
anv,vcb
anv,dcg
owf,lpx
owf,bve
owf,dxt
owf,bdr
pf,ukl
dvp,you
xwb,yvx
xwb,vxb
xwb,xug
xtq,mmi
xtq,oqq
xtq,nca
lno,wrm
utw,ssb
utw,tbg
utw,xmn
oyv,xvw
oyv,aip
oyv,kdz
vix,knk
dai,out
dwa,zur
dwa,cov
dwa,zzm
lvo,adi
lvo,scd
lvo,itg
lvo,oko
lvo,leo
gkn,aip
gkn,kdz
gkn,xvw
kxp,rjq
kxp,lgq
tun,glr
tun,mfq
mtf,ary
mtf,vxk
mtf,btg
mtf,jbe
hnq,kti
hnq,you
hnq,ssk
ibf,cwq
ibf,pcq
ibf,clg
sku,wvv
sku,tam
wco,hty
wco,jdt
wco,deb
oen,vbz
uvw,ary
uvw,btg
uvw,ioq
uvw,vxk
xgm,zzt
xgm,khc
xgm,iam
xgm,xar
lsz,bgy
lsz,emf
lsz,dct
jzd,out
okd,nxt
okd,unh
okd,odm
okd,dej
ubt,ylc
ubt,dct
ubt,gla
hfa,ywi
vxk,wvf
vxk,cyb
vxk,mkc
vxk,zgx
vxk,skt
vxk,qau
vxk,ixx
vxk,azq
vxk,hgz
vxk,llx
vxk,zil
vxk,eoj
uuy,gla
uuy,emf
uuy,ylc
uuy,bgy
kzo,gww
nh,sar
wnh,psf
tae,dne
nca,xau
nca,mjk
nca,ags
nca,yme
nca,gze
nca,sft
nca,enl
nca,zpf
nca,kke
nca,fui
nca,kpn
nca,vvf
nca,lqy
ylc,ptk
ylc,uzo
ylc,gqj
ylc,zrv
ylc,vii
ylc,xhy
ylc,wss
ylc,hfn
ylc,ikk
ylc,bft
ylc,csq
ylc,pkj
tss,lgx
tss,uob
tss,vip
zup,zpw
zup,ebc
unh,ryx
unh,khi
hsf,gla
hsf,dct
bve,mmi
bve,nca
bve,wrm
rri,rkk
rri,yht
gnc,vcp
yx,qdg
syx,bao
syx,cif
syx,gft
bpg,ths
bpg,dvj
bpg,wse
zvj,kti
zvj,you
zvj,ssk
nlw,whi
nlw,ubr
nlw,mvg
off,you
off,ssk
fnq,bqh
fnq,bbe
wse,ssk
wse,you
ikk,pzr
ikk,tpq
vwc,uju
vwc,wyd
pmj,qkn
hjb,xwl
hjb,uyr
gxu,qto
gxu,vnc
gxu,lbs
wvv,okw
wvv,mox
vcb,ywe
vcb,caa
vcb,wpt
ftz,fee
tpg,emf
tpg,gla
tpg,bgy
tpg,ylc
mmp,dsr
mmp,tvk
jzw,nrm
jzw,ywi
jzw,oen
jzw,gqv
mfd,cnk
mfd,hnb
hzh,ssk
hzh,you
feu,pnf
feu,dir
nzn,xna
oyn,uyr
tbg,yrt
tbg,oyn
tbg,hjb
fvh,zce
fvh,fft
ajy,axa
ajy,ncc
xug,mmi
xug,oqq
xug,nca
xug,wrm
kck,vcb
kck,tiq
amh,fbh
amh,wwr
amh,luk
amh,bnr
hsi,nca
hsi,wrm
jsg,xqw
jsg,rii
dwo,nss
dwo,xkd
dwo,idh
uys,out
put,bff
put,bdo
wyx,ixs
wyx,tng
beh,ibu
beh,qnz
beh,vwc
ri,kzu
iri,uii
iri,sws
lkn,fsv
lkn,zup
els,goz
els,mvt
els,gyo
cjd,wvv
cjd,tam
cjd,pky
eoc,tca
eoc,nzn
eoc,kpj
lkq,wzy
yiy,ary
yiy,jbe
yiy,btg
yiy,ioq
jzf,kti
zwz,nru
zwz,dai
eyb,bqh
eyb,dwa
pkj,nmr
pkj,paj
hnb,pux
hnb,lyb
hnb,epo
hnb,qho
nud,jvj
khc,you
khc,kti
dsa,kzu
tzy,def
tzy,dsa
tzy,prd
tzy,rxe
luk,kfr
sdl,axa
sdl,owf
sdl,ncc
saf,ibf
af,tiw
wvf,qxl
wvf,gnc
wvf,bwx
wvf,awl
kqx,lyb
kqx,pux
kqx,ads
fek,zzt
fek,khc
fek,dvp
fek,xar
fek,iam
deb,nss
wuc,aah
wuc,rqa
qxl,vyd
qxl,qpp
xqw,odm
xqw,dej
xqw,scx
xau,iby
xau,eoc
xau,dxx
vwu,ary
vwu,btg
vwu,ioq
vwu,vxk
uju,idh
oqq,cjd
oqq,sft
oqq,zpf
oqq,enl
oqq,mjk
oqq,ags
oqq,ywp
oqq,vvf
oqq,kke
oqq,sku
oqq,lmh
lfn,saf
jvl,bao
jvl,cif
kkp,kvl
kkp,tss
ixr,orj
ixr,pmj
ixr,xry
ixr,dvi
ixr,bcy
ixr,cmm
ixr,gxr
ixr,csa
kvb,uuy
kvb,hsf
zgx,mrd
zgx,tld
zgx,svd
jqu,awi
jqu,yfs
vrd,izg
pcr,out
gla,dbj
gla,csq
gla,mdx
gla,pkj
gla,bft
gla,ikk
gla,hfn
gla,yop
gla,wss
gla,put
gla,fny
gla,vii
gla,zrv
gla,uzo
gla,beh
gla,ptk
gla,gqj
jbe,hgz
jbe,zil
jbe,mkc
jbe,els
yqu,xry
yqu,tun
qu,qcs
yqu,prp
yqu,odx
yqu,kaf
yqu,cmm
yqu,csa
yqu,gxr
yqu,bcy
yqu,opw
yqu,dvi
yqu,fts
okw,emf
okw,gla
okw,bgy
okw,ylc
cwq,idh
cwq,nss
vvf,tam
vvf,pky
you,ixw
you,wnh
you,hfa
you,xrx
you,ake
you,gzk
you,vcc
you,taw
wrm,ywp
wrm,kpn
wrm,sku
wrm,lmh
wrm,kke
wrm,fui
wrm,zpf
wrm,cjd
wrm,yme
wrm,gze
wrm,sft
wrm,ars
wrm,mjk
wrm,xau
wrm,ags
kfr,xeg
fr,tkf
ynh,hki
ynh,zhx
fvq,bfv
fvq,kqg
gww,uys
gww,jzd
gww,rwo
uzo,fqs
uzo,dkc
uzo,snm
kke,oot
kke,eui
kke,zff
gsd,pnb
ghl,uuy
gic,oqq
gic,mmi
cps,brx
cps,gsd
cps,wwm
wqr,ohk
wqr,tyg
wqr,bpg
wqr,ylm
jrc,ocr
jrc,det
jrc,tfb
jrc,lpl
xsk,xkd
xsk,nss
xsk,idh
yop,nlw
yop,paj
wnf,lvo
hnh,njb
hnh,kgs
hnh,fsv
hnh,zup
mjk,eui
ywp,kck
ywp,anv
ywp,nfk
ywp,axu
ywp,xwz
gft,jap
mlp,luk
mlp,bnr
mlp,tae
cnk,ads
cnk,epo
cnk,lyb
cnk,pux
isc,zhx
isc,hki
isc,yab
isc,lbl
ehi,out
lin,uyr
lin,xwl
lin,gww
eui,ogz
eui,cps
kji,ssk
kji,you
kji,kti
dvj,you
dvj,ssk
pxf,cps
pxf,fop
pum,kvb
qta,xqw
bjd,mmp
bjd,bwn
bjd,xpd
rii,unh
pnb,dct
pnb,emf
pnb,gla
pnb,bgy
zpw,jbe
fsv,ebc
det,tlx
det,ppk
kzu,hzh
zu,off
cif,vwu
cif,jap
cif,uvw
idh,eyb
idh,eut
idh,hlz
idh,tyw
idh,rxg
idh,wnf
idh,lkn
idh,ofh
idh,ukr
idh,wcj
idh,jsi
idh,tnn
idh,uoa
idh,jrc
idh,wyz
odm,khi
ssb,yrt
ixw,xqw
ixw,ldo
ixw,okd
awl,vcp
awl,vyd
awl,wuc
ccr,oio
ccr,gmn
dej,gvl
dej,ryx
fcf,qkn
fcf,nio
fcf,nud
nrm,fzm
nrm,apf
nrm,vbz
itg,ary
itg,vxk
itg,ioq
itg,jbe
ary,wvf
ary,cyb
ry,azq
ary,kgc
ary,hgz
ary,dkh
ary,llx
ary,eoj
ary,tek
ary,els
ary,zil
ary,tgl
ary,bpx
qcs,mnm
qcs,tzd
qcs,feu
qzz,ioq
qzz,vxk
qzz,jbe
jsi,syx
mnm,dir
mnm,urb
opw,nud
ags,eoc
gmn,iot
gmn,hnq
dak,axa
dak,owf
yrt,xwl
hki,jzf
ldo,dej
nnk,nxd
nnk,xvw
nnk,aip
tfw,bgy
tfw,ylc
tfw,dct
tfw,emf
xar,you
axj,rrl
axj,wyx
axj,rkk
axj,yht
lpx,nca
jce,iri
jce,prd
jce,def
jce,rxe
fqs,rjq
fqs,ebp
knk,dwo
knk,cwq
knk,fqw
knk,pcq
knk,clg
nxd,ztf
nxd,drm
nxd,gxu
dtr,out
hob,gla
pcq,xkd
pcq,nss
zhx,gck
zhx,jzf
zhx,wwg
zhx,zvj
mht,ghl
mht,kvb
llx,qxl
llx,gnc
llx,awl
mvt,dac
mvt,gio
mvt,wqr
ifr,ary
ifr,vxk
ifr,jbe
ifr,btg
hlx,kaf
hlx,odx
hlx,cmm
hlx,xry
hlx,rsn
hlx,tun
hlx,prp
hlx,csa
hlx,gxr
lx,bcy
hlx,opw
hlx,fts
hlx,dvi
hlx,rcj
xpd,tvk
fbh,frn
fbh,kfr
kxl,out
hwm,lin
adi,vxk
adi,ary
bao,vwu
bao,jap
rdl,bgy
rdl,emf
rdl,gla
lbl,zvj
lbl,wwg
lbl,uoh
lbl,gck
tld,isc
tld,wcg
rjq,xkd
rjq,idh
dkc,rjq
dkc,agq
dkc,ebp
dkc,lgq
zrv,pzr
zrv,xgj
zrv,lja
zrv,tpq
gio,bpg
gio,ohk
gio,tyg
gio,lzx
imx,wuc
yss,qgl
xwz,tiq
xwz,dcg
xwz,vcb
hie,dct
ie,gla
zff,ogz
zff,cps
mfq,mfa
mfq,bjd
yht,tng
yht,yss
owj,emf
owj,gla
owj,ylc
zcv,ekq
zcv,jwi
zcv,fgh
zcv,ywo
tru,wrm
jet,wco
jet,kqk
jet,dnd
hfn,qkc
hfn,lfn
inc,svd
inc,mrd
ylm,wse
axu,pct
leo,btg
mvg,dnd
mvg,jmi
mvg,wco
azp,pww
azp,hie
azp,ajb
ynr,bwn
ynr,mmp
ynr,xpd
nio,zze
nio,zcv
wwr,frn
wwr,dne
vii,paj
vjb,gmn
vjb,vgz
vjb,fnk
vjb,oio
vjb,fee
vcp,aah
vcp,fek
gvl,cvm
gvl,pzd
oug,zwz
oug,tss
gqv,vbz
ehl,rxe
ehl,def
ehl,iri
ehl,dsa
ehl,prd
xgj,vrd
xgj,bqn
bff,vix
bff,ubd
bff,saf
lbs,out
izs,ncc
izs,owf
bfv,nnk
bfv,gkn
bfv,rhg
bfv,unj
bpx,ppp
ywe,bgy
ywe,ylc
ywe,emf
qau,tzy
pzu,kvl
dkh,mrd
ubr,dnd
wwg,you
wwg,kti
lgx,out
prd,kzu
tca,jba
yfr,out
mnu,mtf
mnu,yiy
ftp,out
do,saf
bdo,vix
yxb,itg
yxb,adi
yxb,scd
egb,bnr
qys,wrm
qys,nca
qys,oqq
qys,mmi
wzy,btg
wzy,jbe
mox,dct
fzm,pzu
fzm,kkp
ajb,dct
ajb,gla
ajb,ylc
fop,gsd
fop,brx
zil,tld
zil,svd
gyo,gio
ofh,tfb
ofh,det
xkd,uoa
xkd,eut
xkd,hnh
xkd,wyz
xkd,hlz
xkd,fnq
mwn,psf
mwn,utw
kdz,dxs
kdz,gby
kdz,drm
kdz,gxu
knt,kti
ooj,yht
qgl,awi
qgl,dtr
qgl,yfr
vbz,oug
bz,smc
vbz,kkp
oot,cps
oot,ogz
vcc,psf
fny,ibu
fny,vwc
uob,out
cmm,xwb
cmm,uzf
cmm,xes
ywo,wrm
dge,ppp
dge,tzy
dge,ewm
dge,ehl
qkc,vix
qkc,ubd
wyd,nss
fee,knt
fee,fqx
fee,hnq
wyz,yxb
wyz,lvo
smc,tss
apg,ifr
apg,pmk
apg,wzy
apg,yiy
lln,mmi
lln,oqq
lln,wrm
ufr,wwr
ufr,fbh
ufr,tae
ufr,luk
nmr,jet
nmr,ubr
nmr,mvg
fqx,kti
fqx,you
dir,hsi
dir,tru
dir,lno
cyb,mvt
cyb,gyo
bgy,beh
bgy,xpw
bgy,uzo
bgy,vii
bgy,dbj
bgy,mdx
bgy,csq
tng,qgl
tng,jqu
tng,yql
pms,emf
pms,gla
pms,ylc
xtc,ehs
xtc,dkn
xtc,syx
xtc,cai
dkn,gft
dkn,bao
taw,egb
taw,amh
taw,mlp
taw,ufr
ocr,tlx
ocr,lnn
ogz,gsd
ogz,wwm
hjq,yor
hjq,ftp
hjq,qrx
clg,idh
tzd,dir
drm,wjc
drm,vnc
drm,ehi
ibu,xsk
ibu,aof
rqa,dvp
rqa,khc
fh,lbl
ifh,yab
goz,dac
goz,wqr
csq,tpq
csq,lja
csq,pzr
dsr,wrm
dsr,nca
dsr,oqq
dsr,mmi
caa,dct
caa,emf
caa,gla
caa,ylc
orj,xwb
orj,uzf
orj,xes
rzu,hty
wlg,out
hcx,bgy
hcx,ylc
hcx,dct
hcx,emf
hcx,gla
qrx,out
mmi,cjd
mmi,gze
mmi,avv
mmi,ywp
mmi,ars
mmi,lqy
mmi,vvf
mmi,kpn
gxr,uzf
pww,dct
pww,gla
pww,ylc
pww,bgy
tgh,ixs
kti,nhr
kti,ctp
kti,qta
ti,wnh
kti,xrx
kti,fvq
kti,vcc
kti,bec
kti,naf
kti,sog
kti,jzw
kti,gjx
kti,ake
kti,iiq
kti,gzk
kti,ixw
kti,yxm
kti,mwn
kti,isy
kti,taw
kti,jsg
kti,hfa
kti,pjv
kti,tio
cos,yab
pac,tgh
pac,rrl
pac,rkk
bgi,kti
ebc,ary
ebc,vxk
ebc,ioq
ebc,jbe
ebc,btg
vgz,hnq
vgz,fqx
vgz,knt
pzr,trj
pzr,vrd
shk,out
xry,glr
xry,qhv
gqj,kxp
gqj,dkc
gqj,snm
hgz,mrd
wwm,pnb
wwm,rdl
wwm,tfw
wwm,yuz
svd,wcg
svd,cos
xna,jjl
xna,hcx
xna,lsz
uoh,kti
uoh,ssk
uoh,you
ssk,wnh
ssk,yxm
ssk,iiq
ssk,gzk
ssk,sog
ssk,jsg
ssk,gjx
ssk,tio
ssk,pjv
ssk,fvq
ssk,isy
ssk,naf
ssk,taw
ssk,bec
gzk,yll
gzk,bfv
prp,glr
gck,ssk
cvm,qem
cvm,pcr
jwi,mmi
jwi,nca
tyg,dvj
tyg,kji
tyg,ths
ukr,tfb
ukr,lpl
ukr,ocr
dne,hjq
dne,xeg
be,zzm
bbe,cov
bbe,qzz
tiw,dwo
tiw,cwq
tiw,pcq
tiw,clg
csa,izs
csa,dak
csa,qzw
csa,ajy
pmk,jbe
pmk,btg
pmk,ioq
pmk,ary
rrl,yss
qkn,jvj
qkn,zze
xpw,ibu
xpw,qnz
waw,oqq
waw,mmi
lja,mfd
lja,vrd
iep,xna
rqx,odx
rqx,fcf
rqx,csa
rqx,cmm
rqx,rcj
rqx,qcs
rqx,prp
rqx,pmj
lzx,wse
lzx,dvj
ctp,axj
ctp,rri
ctp,pac
ctp,ijl
jba,hob
iiq,oen
iiq,nrm
iiq,dii
fs,out
qem,out
btg,dkh
btg,inc
btg,zil
btg,tgl
btg,eoj
btg,tek
btg,cyb
btg,mkc
btg,qau
btg,azq
btg,kgc
btg,ixx
btg,hqt
fnk,fqx
loc,gla
loc,dct
loc,bgy
dih,jbe
dih,btg
dih,vxk
dih,ioq
dih,ary
tam,ubt
tam,owj
tam,mox
bqn,kqx
bqn,xqq
nhr,kqg
nhr,yll
bdr,mmi
bdr,nca
bdr,wrm
gby,lbs
gby,ehi
gby,vnc
gby,qto
snm,ebp
snm,lgq
snm,rjq
snm,agq
xes,yvx
xes,oxx
xes,vxb
ncc,bdr
ncc,bve
ncc,dxt
ncc,lpx
kpn,pxf
kpn,oot
naf,rii
naf,ege
trj,cnk
jch,agq
jch,lgq
jch,ebp
bwx,vcp
bwx,wuc
bwx,qpp
mja,yrt
mja,oyn
mja,hjb
rkk,tng
rkk,ixs
zze,ywo
zze,ekq
dxs,wjc
dxs,lbs
wcj,yxb
kvl,uob
kvl,lgx
kvl,nru
epo,idh
epo,xkd
epo,nss
wpt,bgy
wpt,gla
dnd,jdt
dct,beh
dct,xhy
dct,yop
dct,zrv
dct,vii
dct,hfn
ct,bft
dct,pkj
dxt,mmi
dxt,oqq
dxt,wrm
ewm,dsa
bqh,zzm
bqh,zur
tkf,kxl
tkf,ftp
tkf,yor
tkf,qrx
emf,bft
emf,pkj
emf,put
emf,vii
emf,zrv
emf,hfn
emf,uzo
emf,beh
emf,ptk
emf,gqj
dvi,sdl
dvi,dak
eut,jvl
eut,cai
eut,dkn
eut,ehs
vip,out
dcg,wpt
dcg,hck
dcg,caa
dcg,ywe
kqk,hty
kqk,jdt
kqk,deb
gfd,wlg
gfd,pcr
tfb,ppk
tfb,lnn
ryx,gzt
ryx,gfd
ryx,cvm
yx,pzd
hty,idh
qho,idh
qho,xkd
qzw,axa
ppp,prd
ppp,iri
nss,hnh
nss,eut
nss,xtc
nss,wcj
nss,eyb
nss,jrc
nss,wyz
nss,wnf
nss,uoa
nss,rxg
nss,tyw
nss,tnn
nss,jsi
izg,qho
izg,ads
tlx,ohx
tlx,mnu
tlx,apg
iby,onz
iby,nzn
iby,iep
ywi,vbz
uoa,njb
unj,kdz
unj,xvw
tyw,iav
tyw,yxb
fts,qzw
fts,izs
yor,out
yql,dtr
yql,awi
yql,yfs
sog,rii
sog,ldo
sog,okd
svr,rqx
svr,hlx
svr,yqu
svr,ixr
khi,pzd
khi,gfd
khi,gzt
wcg,lbl
wcg,yab
wcg,hki
wss,qbp
dac,lzx
dac,ohk
dac,tyg
dac,bpg
scd,vxk
scd,ioq
scd,jbe
cov,ary
cov,ioq
cov,vxk
cov,jbe
vvy,bgy
apf,kkp
apf,pzu
apf,oug
rxe,sws
xeg,shk
xeg,qrx
xeg,kxl
xeg,yor
xeg,ftp
xvw,gxu
xvw,ztf
uii,hzh
uii,off
uii,bgi
awi,out
fqw,nss
fmx,jbe
fmx,btg
fmx,vxk
mx,ioq
ixx,mvt
ixs,yql
ixs,jqu
ubd,ibf
qnz,uju
ioq,zgx
ioq,qau
ioq,tgl
ioq,dge
ioq,tek
ioq,eoj
ioq,azq
ioq,hqt
ioq,ixx
axa,bve
axa,dxt
axa,qys
axa,lpx
pct,wpt
pct,ywe
pct,caa
def,uii
qdg,uvw
qdg,jap
pky,ubt
pky,vvy
pky,okw
pky,mox
frn,tkf
frn,hjq
frn,xeg
ehs,cif
ehs,bao
ehs,qdg
pnf,lln
pnf,gic
ppk,exr
ppk,apg
ppk,lkq
jjl,dct
roe,vgz
roe,fee
oe,oio
bcy,xes
isy,rac
isy,mlp
isy,amh
mdx,qkc
kpj,jba
ths,you
bec,kqg
bec,yll
bec,bfv
gzt,pcr
yuz,ylc
yuz,bgy
yuz,emf
ekq,nca
ekq,oqq
ekq,mmi
rxg,zup
rxg,kgs
rxg,fsv
xmn,kzo
xmn,lin
xmn,oyn
vgn,ylc
vgn,bgy
vgn,gla
odx,xes
odx,uzf
kqg,nnk
kqg,unj
kqg,rhg
kqg,gkn
skt,mvt
zur,btg
zur,ary
bft,tpq
bft,xgj
bft,pzr
pzd,qem
pzd,pcr
pzd,wlg
xrx,psf
xrx,utw
xrx,sar
njb,dih
njb,ebc
njb,zpw
njb,fmx
jmi,hty
iot,kti
iot,ssk
iot,you
jdt,xkd
jdt,nss
ads,nss
pux,nss
rcj,izs
rcj,ajy
zce,uuy
zce,vgn
zce,hsf
jvj,ywo
jvj,fgh
enl,fvh
ohx,ifr
gze,azp
vxb,oqq
vxb,nca
sft,kck
sft,nfk
eoj,awl
eoj,bwx
eoj,gnc
eoj,imx
xwl,jzd
xwl,gso
xwl,uys
xwl,rwo
zzm,jbe
zzm,btg
zzm,ioq
zzm,ary
iam,ssk
iam,you
hk,ths
ohk,kji
tiq,hck
tiq,wpt
tiq,caa
tiq,ywe
fgh,oqq
iav,leo
iav,oko
iav,itg
yab,gck
yab,uoh
yab,wwg
yab,jzf
avv,pum
avv,fvh
fft,uuy
fft,pms
fft,loc
fft,hsf
kgc,vjb
kgc,dxf
kgc,ccr
kgc,ftz
whi,jmi
whi,rzu
whi,wco
yme,fvh
yme,ukl
yme,mht
azq,roe
azq,vjb
azq,ccr
zzt,ssk
zzt,you
ake,egb
mkc,awl
nru,out
ebp,xkd
pjv,axj
pjv,ooj
pjv,ijl
aip,drm
ip,gby
aip,ztf
qto,out
kgs,dih
kgs,ebc
uyr,gso
uyr,jzd
bnr,frn
bnr,kfr
bnr,dne
wjc,out
ukl,fft
ukl,zce
ukl,ghl
lit,jjl
lit,hcx
lit,lsz
jrw,tpg
jrw,ajb
jrw,hie
jrw,pww
hlz,iav
hlz,lvo
hlz,yxb
hck,gla
hck,dct
hck,ylc
hck,bgy
oio,knt
vnc,out
ars,iso
xhy,lja
xhy,tpq
xhy,xgj
yxm,oen
yxm,ywi
yxm,nrm
yxm,dii
ptk,jch
bwn,xtq
hqt,roe
hqt,vjb
hqt,dxf
hqt,ccr
hqt,ftz
lgq,idh
lgq,xkd
yll,rhg
yll,gkn
yll,unj
yll,oyv
dxf,fnk
paj,jet
paj,whi
tvk,mmi
tvk,nca
tvk,oqq
tvk,wrm
agq,nss
qpp,xgm
qpp,fek
qpp,aah
gso,out
oxx,mmi
oxx,oqq
oxx,nca
oxx,wrm
lyb,nss
lyb,xkd
brx,yuz
brx,tfw
brx,rdl
uzf,xug
uzf,vxb
uzf,waw
uzf,oxx
uzf,yvx
xqq,ads
xqq,pux
xqq,epo
fui,azp
fui,iso
fui,jrw
ijl,tgh
ijl,rrl
jl,rkk
ijl,yht
ijl,wyx
aah,khc
aah,dvp
aah,xar
aah,iam
lnn,mnu
lnn,ohx
lnn,lkq
tek,ehl
tek,tzy
tek,ewm
tek,jce
rwo,out
aof,xkd
aof,idh
vyd,xgm
kaf,feu
psf,xmn
psf,hwm
sws,hzh
sws,bgi
sws,off
rac,wwr